full_name,stars,watchers,forks,stars_delta,watchers_delta,forks_delta,url
shareAI-lab/learn-claude-code,70693,70693,11510,13799,13799,2156,https://github.com/shareAI-lab/learn-claude-code
ChinaSiro/claude-code-sourcemap,9523,9523,14693,488,488,127,https://github.com/ChinaSiro/claude-code-sourcemap
Alishahryar1/free-claude-code,39677,39677,6477,24421,24421,4371,https://github.com/Alishahryar1/free-claude-code
pengchengneo/Claude-Code,1632,1632,2529,375,375,286,https://github.com/pengchengneo/Claude-Code
hesreallyhim/awesome-claude-code,49825,49825,4349,8385,8385,868,https://github.com/hesreallyhim/awesome-claude-code
shanraisshan/claude-code-best-practice,62451,62451,6248,13927,13927,1459,https://github.com/shanraisshan/claude-code-best-practice
musistudio/claude-code-router,35745,35745,2947,2690,2690,297,https://github.com/musistudio/claude-code-router
davila7/claude-code-templates,29079,29079,3191,3438,3438,620,https://github.com/davila7/claude-code-templates
LING71671/Open-ClaudeCode,914,914,1217,130,130,85,https://github.com/LING71671/Open-ClaudeCode
Donchitos/Claude-Code-Game-Studios,22872,22872,3285,6534,6534,919,https://github.com/Donchitos/Claude-Code-Game-Studios
VoltAgent/awesome-claude-code-subagents,23203,23203,2709,4683,4683,584,https://github.com/VoltAgent/awesome-claude-code-subagents
oboard/claude-code-rev,3249,3249,3824,182,182,53,https://github.com/oboard/claude-code-rev
ponponon/claude_code_src,2315,2315,3534,116,116,46,https://github.com/ponponon/claude_code_src
anthropics/claude-code-action,8328,8328,1962,1022,1022,202,https://github.com/anthropics/claude-code-action
Piebald-AI/claude-code-system-prompts,11761,11761,2002,2184,2184,294,https://github.com/Piebald-AI/claude-code-system-prompts
liuup/claude-code-analysis,3512,3512,1946,1475,1475,482,https://github.com/liuup/claude-code-analysis
diet103/claude-code-infrastructure-showcase,9734,9734,1214,159,159,-3,https://github.com/diet103/claude-code-infrastructure-showcase
pedrohcgs/claude-code-my-workflow,1396,1396,2747,402,402,720,https://github.com/pedrohcgs/claude-code-my-workflow
frankbria/ralph-claude-code,9526,9526,728,653,653,66,https://github.com/frankbria/ralph-claude-code
ykdojo/claude-code-tips,9193,9193,719,1230,1230,139,https://github.com/ykdojo/claude-code-tips
chauncygu/collection-claude-code-source-code,2751,2751,2428,464,464,195,https://github.com/chauncygu/collection-claude-code-source-code
hangsman/claude-code-source,787,787,1759,26,26,15,https://github.com/hangsman/claude-code-source
lintsinghua/claude-code-book,3905,3905,792,927,927,115,https://github.com/lintsinghua/claude-code-book
ChrisWiles/claude-code-showcase,5988,5988,560,140,140,18,https://github.com/ChrisWiles/claude-code-showcase
wanshuiyin/Auto-claude-code-research-in-sleep,13281,13281,1200,5674,5674,479,https://github.com/wanshuiyin/Auto-claude-code-research-in-sleep
huangserva/claude-code-cli,618,618,1309,53,53,12,https://github.com/huangserva/claude-code-cli
OneRedOak/claude-code-workflows,3880,3880,564,94,94,10,https://github.com/OneRedOak/claude-code-workflows
FlorianBruniaux/claude-code-ultimate-guide,5413,5413,708,1438,1438,175,https://github.com/FlorianBruniaux/claude-code-ultimate-guide
nicedreamzapp/claude-code-local,2932,2932,562,648,648,115,https://github.com/nicedreamzapp/claude-code-local
zebbern/claude-code-guide,4389,4389,445,343,343,51,https://github.com/zebbern/claude-code-guide
1rgs/claude-code-proxy,3682,3682,479,191,191,22,https://github.com/1rgs/claude-code-proxy
anthropics/claude-code-security-review,5520,5520,586,1125,1125,183,https://github.com/anthropics/claude-code-security-review
lorryjovens-hub/claude-code-rust,1667,1667,639,188,188,39,https://github.com/lorryjovens-hub/claude-code-rust
affaan-m/ECC,228676,228676,35073,228676,228676,35073,https://github.com/affaan-m/ECC
zstmfhy/Claude-code,190,190,285,0,0,0,https://github.com/zstmfhy/Claude-code
Maciek-roboblog/Claude-Code-Usage-Monitor,8432,8432,433,629,629,43,https://github.com/Maciek-roboblog/Claude-Code-Usage-Monitor
rohitg00/awesome-claude-code-toolkit,2299,2299,796,850,850,355,https://github.com/rohitg00/awesome-claude-code-toolkit
alejandrobalderas/claude-code-from-source,2698,2698,740,887,887,181,https://github.com/alejandrobalderas/claude-code-from-source
Windy3f3f3f3f/how-claude-code-works,3134,3134,665,1107,1107,139,https://github.com/Windy3f3f3f3f/how-claude-code-works
disler/claude-code-hooks-mastery,3824,3824,628,242,242,26,https://github.com/disler/claude-code-hooks-mastery
777genius/claude-code-source-code,920,920,1097,19,19,-18,https://github.com/777genius/claude-code-source-code
fuergaosi233/claude-code-proxy,2722,2722,404,213,213,47,https://github.com/fuergaosi233/claude-code-proxy
ding113/claude-code-hub,3237,3237,374,571,571,75,https://github.com/ding113/claude-code-hub
RichardAtCT/claude-code-telegram,2730,2730,403,230,230,50,https://github.com/RichardAtCT/claude-code-telegram
kodu-ai/claude-coder,5256,5256,198,-22,-22,-1,https://github.com/kodu-ai/claude-coder
Yuyz0112/claude-code-reverse,2398,2398,406,41,41,3,https://github.com/Yuyz0112/claude-code-reverse
fazxes/Claude-code,225,225,216,14,14,7,https://github.com/fazxes/Claude-code
SeemSeam/claude_codex_bridge,3243,3243,315,3243,3243,315,https://github.com/SeemSeam/claude_codex_bridge
Cranot/claude-code-guide,2843,2843,320,212,212,31,https://github.com/Cranot/claude-code-guide
Windy3f3f3f3f/claude-code-from-scratch,2249,2249,482,1228,1228,141,https://github.com/Windy3f3f3f3f/claude-code-from-scratch
multica-ai/andrej-karpathy-skills,190978,190978,19600,190978,190978,19600,https://github.com/multica-ai/andrej-karpathy-skills
luyao618/Claude-Code-Source-Study,1601,1601,553,353,353,68,https://github.com/luyao618/Claude-Code-Source-Study
Chachamaru127/claude-code-harness,2964,2964,286,2964,2964,286,https://github.com/Chachamaru127/claude-code-harness
https-deeplearning-ai/sc-claude-code-files,533,533,804,36,36,113,https://github.com/https-deeplearning-ai/sc-claude-code-files
AprilNEA/claude-code-source,390,390,611,17,17,0,https://github.com/AprilNEA/claude-code-source
repowise-dev/claude-code-prompts,1154,1154,386,182,182,25,https://github.com/repowise-dev/claude-code-prompts
anthropics/claude-code-base-action,901,901,610,99,99,9,https://github.com/anthropics/claude-code-base-action
anthropics/skills,160400,160400,18930,35738,35738,4335,https://github.com/anthropics/skills
guanshan/ClaudeCode,61,61,213,4,4,-2,https://github.com/guanshan/ClaudeCode
JrCx7scC/claude-code-source,371,371,547,10,10,11,https://github.com/JrCx7scC/claude-code-source
edmund-io/edmunds-claude-code,1481,1481,286,73,73,3,https://github.com/edmund-io/edmunds-claude-code
huangjia2019/claude-code-engineering,967,967,345,967,967,345,https://github.com/huangjia2019/claude-code-engineering
carlvellotti/claude-code-pm-course,2130,2130,349,206,206,50,https://github.com/carlvellotti/claude-code-pm-course
Pimzino/claude-code-spec-workflow,3791,3791,265,95,95,6,https://github.com/Pimzino/claude-code-spec-workflow
jqueryscript/awesome-claude-code,463,463,448,463,463,448,https://github.com/jqueryscript/awesome-claude-code
Yeachan-Heo/oh-my-claudecode,37681,37681,3405,6136,6136,484,https://github.com/Yeachan-Heo/oh-my-claudecode
router-for-me/CLIProxyAPI,40083,40083,6583,10946,10946,1737,https://github.com/router-for-me/CLIProxyAPI
andrew-kramer-inno/claude-code-source-build,594,594,524,13,13,7,https://github.com/andrew-kramer-inno/claude-code-source-build
AICoderTudou/claude-code-tudou,498,498,396,2,2,0,https://github.com/AICoderTudou/claude-code-tudou
disler/pi-vs-claude-code,1477,1477,353,1477,1477,353,https://github.com/disler/pi-vs-claude-code
feiskyer/claude-code-settings,1586,1586,237,114,114,19,https://github.com/feiskyer/claude-code-settings
krusemediallc/arcads-claude-code,999,999,267,999,999,267,https://github.com/krusemediallc/arcads-claude-code
VILA-Lab/Dive-into-Claude-Code,1874,1874,286,1874,1874,286,https://github.com/VILA-Lab/Dive-into-Claude-Code
darcyegb/ClaudeCodeAgents,746,746,68,746,746,68,https://github.com/darcyegb/ClaudeCodeAgents
jeremylongshore/claude-code-plugins-plus-skills,2504,2504,358,2504,2504,358,https://github.com/jeremylongshore/claude-code-plugins-plus-skills
digitalsamba/claude-code-video-toolkit,1729,1729,294,1729,1729,294,https://github.com/digitalsamba/claude-code-video-toolkit
ghuntley/claude-code-source-code-deobfuscation,987,987,549,14,14,-5,https://github.com/ghuntley/claude-code-source-code-deobfuscation
KPR111/Claude-Code,18,18,325,18,18,325,https://github.com/KPR111/Claude-Code
sugyan/claude-code-webui,1142,1142,248,87,87,5,https://github.com/sugyan/claude-code-webui
alirezarezvani/claude-skills,22242,22242,3106,9349,9349,1403,https://github.com/alirezarezvani/claude-skills
centminmod/my-claude-code-setup,2502,2502,238,2502,2502,238,https://github.com/centminmod/my-claude-code-setup
luongnv89/claude-howto,39666,39666,4791,10301,10301,1181,https://github.com/luongnv89/claude-howto
OrcaWhisper/Claude-Code,83,83,163,83,83,163,https://github.com/OrcaWhisper/Claude-Code
